"Path","Platform","Compiled","Cooked","Permutations","Compiletime","CompiledDouble","CookedDouble"
"/ControlRig/Controls/ControlRigGizmoMaterial.ControlRigGizmoMaterial","24","0","2","1","0.000000","0","0"
"/Engine/EditorMaterials/PhAT_NoCollisionMaterial.PhAT_NoCollisionMaterial","24","0","2","1","0.000000","0","0"
"/Engine/EditorMaterials/PhAT_UnselectedMaterial.PhAT_UnselectedMaterial","24","0","2","1","0.000000","0","0"
"/Engine/EngineDebugMaterials/DebugEditorMaterial.DebugEditorMaterial","24","0","4","1","0.000000","0","0"
"/MeshModelingToolset/Materials/M_DynamicMeshComponentVtxColor.M_DynamicMeshComponentVtxColor","24","0","17","1","0.000000","0","0"
"/Engine/EngineMaterials/DefaultLightFunctionMaterial.DefaultLightFunctionMaterial","24","0","2","1","0.000000","0","0"
"/Engine/EngineMaterials/GizmoMaterial.GizmoMaterial","24","0","4","1","0.000000","0","0"
"/Engine/EngineDebugMaterials/DebugMeshMaterial.DebugMeshMaterial","24","0","2","1","0.000000","0","0"
"/Engine/EngineMaterials/RemoveSurfaceMaterial.RemoveSurfaceMaterial","24","0","2","1","0.000000","0","0"
"/ControlRig/Controls/ControlRigXRayMaterial.ControlRigXRayMaterial","24","0","4","1","0.000000","0","0"
"/Engine/EditorLandscapeResources/SplineEditorMeshMat.SplineEditorMeshMat","24","0","8","1","0.000000","0","0"
"/Engine/EngineDebugMaterials/M_SimpleUnlitTranslucent.M_SimpleUnlitTranslucent","24","0","2","1","0.000000","0","0"
"/Engine/EditorMaterials/Camera/CineMat.CineMat","24","0","30","1","0.000000","0","0"
"/Engine/VREditor/TransformGizmo/Xray.Xray","24","0","15","1","0.000000","0","0"
"/Engine/VREditor/TransformGizmo/Main.Main","24","0","2","1","0.000000","0","0"
"/Engine/VREditor/TransformGizmo/TranslucentTransformGizmoMaterial.TranslucentTransformGizmoMaterial","24","0","2","1","0.000000","0","0"
"/Interchange/Materials/UnlitMaterial.UnlitMaterial","24","0","2","1","0.000000","0","0"
"/Paper2D/DefaultSpriteMaterial.DefaultSpriteMaterial","24","0","24","2","0.000000","0","0"
"/Engine/EngineMaterials/PhAT_JointLimitMaterial.PhAT_JointLimitMaterial","24","0","4","1","0.000000","0","0"
"/Engine/EngineMaterials/FlattenMaterial_WS_Normal_VT.FlattenMaterial_WS_Normal_VT","24","0","60","1","0.000000","0","0"
"/Engine/EngineMaterials/FlattenMaterial_VT.FlattenMaterial_VT","24","0","60","1","0.000000","0","0"
"/Engine/EngineMaterials/FlattenMaterial.FlattenMaterial","24","0","60","1","0.000000","0","0"
"/Engine/EngineMaterials/M_InvalidLightmapSettings.M_InvalidLightmapSettings","24","0","30","1","0.000000","0","0"
"/Engine/EngineMaterials/EmissiveMeshMaterial.EmissiveMeshMaterial","24","0","2","1","0.000000","0","0"
"/ControlRig/M_Manip.M_Manip","24","0","4","1","0.000000","0","0"
"/GoogleARCore/M_SceneDepthOcclusion.M_SceneDepthOcclusion","24","0","4","1","0.000000","0","0"
"/ARUtilities/Materials/M_PassthroughCamera.M_PassthroughCamera","24","0","8","2","0.000000","0","0"
"/Engine/EngineDebugMaterials/M_VolumeRenderSphereTracePP.M_VolumeRenderSphereTracePP","24","0","4","1","0.000000","0","0"
"/Engine/VREditor/TransformGizmo/TransformGizmoMaterial.TransformGizmoMaterial","24","0","2","1","0.000000","0","0"
"/Engine/EditorMaterials/WorldPartition/WorldPartitionSpatialHashGridPreviewMaterial.WorldPartitionSpatialHashGridPreviewMaterial","24","0","4","1","0.000000","0","0"
"/Engine/EngineMaterials/Widget3DPassThrough.Widget3DPassThrough","24","0","26","6","0.000000","0","2"
"/Engine/EngineSky/VolumetricClouds/m_SimpleVolumetricCloud.m_SimpleVolumetricCloud","24","0","10","1","0.000000","0","0"
"/Engine/EngineMaterials/DefaultPostProcessMaterial.DefaultPostProcessMaterial","24","0","6","1","0.000000","0","0"
"/Engine/EngineMaterials/DefaultDeferredDecalMaterial.DefaultDeferredDecalMaterial","24","0","77","1","0.000000","0","0"
"/Engine/EngineMaterials/DefaultMaterial.DefaultMaterial","24","0","210","1","0.000000","0","0"
"/Engine/EngineMaterials/DefaultTextMaterialOpaque.DefaultTextMaterialOpaque","24","0","21","1","0.000000","0","0"
"/Engine/EngineMaterials/WorldGridMaterial.WorldGridMaterial","24","0","598","1","0.000000","0","0"
"/ARUtilities/Materials/M_DepthColoration.M_DepthColoration","24","0","4","1","0.000000","0","0"
"/ARUtilities/Materials/M_ScreenSpacePassthroughCamera.M_ScreenSpacePassthroughCamera","24","0","8","2","0.000000","0","0"
"/Engine/EngineMaterials/PPM_DefaultCalibrationGrayscale.PPM_DefaultCalibrationGrayscale","24","0","4","1","0.000000","0","0"
"/Engine/EngineMaterials/PPM_DefaultCalibrationColor.PPM_DefaultCalibrationColor","24","0","4","1","0.000000","0","0"
"/Engine/EditorMaterials/PreviewShadowIndicatorMaterial.PreviewShadowIndicatorMaterial","24","0","2","1","0.000000","0","0"
"/Interchange/Materials/PhongSurfaceMaterial.PhongSurfaceMaterial","24","0","15","1","0.000000","0","0"
"/Game/HandheldAR/Blueprints/UI/Materials/M_ButtonRotatingUI.M_ButtonRotatingUI","24","0","9","1","0.000000","0","0"
"/Game/OM/Material/Gradient.Gradient","24","0","9","1","0.000000","0","0"
"/SpeedTreeImporter/SpeedTree9/SpeedTreeBillboardMaster.SpeedTreeBillboardMaster","24","0","42","1","0.000000","0","0"
"/SpeedTreeImporter/SpeedTree9/SpeedTreeMaster.SpeedTreeMaster","24","0","102","1","0.000000","0","0"
"/Interchange/Materials/LambertSurfaceMaterial.LambertSurfaceMaterial","24","0","15","1","0.000000","0","0"
"/Interchange/Materials/OrenNayerMaterial.OrenNayerMaterial","24","0","15","1","0.000000","0","0"
"/Interchange/gltf/M_Opaque.M_Opaque","24","0","168","8","0.000000","0","0"
"/Interchange/gltf/M_Transmission.M_Transmission","24","0","48","4","0.000000","0","0"
"/Interchange/gltf/M_Unlit.M_Unlit","24","0","16","2","0.000000","0","0"
"/Interchange/Materials/ThinTranslucentMaterial.ThinTranslucentMaterial","24","0","10","1","0.000000","0","0"
"/Interchange/Materials/SubsurfaceMaterial.SubsurfaceMaterial","24","0","15","1","0.000000","0","0"
"/Interchange/Materials/SheenMaterial.SheenMaterial","24","0","15","1","0.000000","0","0"
"/Interchange/Materials/PBRSurfaceMaterial.PBRSurfaceMaterial","24","0","15","1","0.000000","0","0"
"/Interchange/Materials/ClearCoatMaterial.ClearCoatMaterial","24","0","15","1","0.000000","0","0"
"/Interchange/gltf/M_Sheen.M_Sheen","24","0","84","4","0.000000","0","0"
"/Interchange/gltf/M_Translucent.M_Translucent","24","0","80","8","0.000000","0","0"
